,Albertacos&&California&&San Marcos&&500 W San Marcos Blvd # 103,Albertacos&&Carne asada&&&&,"Alberto's 623 N Escondido Blvd, Escondido, CA 92025&&Carne Asada&&&&",Burrito Box&&Steak with guacamole&&&&,Burrito Factory&&Steak everything&&Austin&&2025 Guadalupe St,Burros and Fries&&California&&&&,Burros and Fries&&California&&Clairemont&&4705 Clairemont Dr,Burros and Fries&&Carne asada&&&&,Burros and Fries&&Shrimp california&&&&,Caliente Mexican Food&&California&&&&,Caliente Mexican Food&&carne asada&&&&,Caliente Mexican Food&&carne asada&&Sorrento Valley&&11815 Sorrento Valley Rd,Caliente Mexican Food&&fried fish&&&&,California Burrito Company&&California&&&&,California Burrito Company&&Dave's California&&Miramar&&6912 Miramar Rd,California Burrito Company&&Fajitas&&&&,California Burritos&&California (only cheese)&&&&,California Burritos&&California Everything&&&&,California Burritos&&California Everything&&Linda Vista&&7754 Starling Dr,California Burritos&&Carne asada everything&&&&,California Burritos&&Carnitas&&&&,California Burritos&&Chile relleno and carnitas&&&&,California Burritos&&Surf & Turf&&&&,California burritos&&California everything mini&&&&,California burritos&&California everything&&&&,California burritos&&Surf & Turf&&&&,Cancun Mexican & Seafood&&Adobada&&&&,Cancun Mexican & Seafood&&California&&&&,Cancun Mexican & Seafood&&California&&Encinitas&&1766 N Coast Hwy,Cancun Mexican & Seafood&&Machaca&&&&,Carmen's Mexican Food&&Adobada&&Clairemont&&4937 Diane Ave,Carmen's Mexican Food&&Carne asada&&&&,Chili Peppers&&Surf & Turf&&&&,Chipotle&&Carnitas&&Carlsbad&&2505 Palomar airport Rd,Chipotle&&Custom&&&&,Colima's Mexican Food&&Bandido&&&&,Colima's Mexican Food&&Hawaiian&&North park&&2302 University Ave,Colima's&&Colimas burrito&&&&,Cortez Mexican Food&&California&&Bonsall&&5517 Mission Rd,Cotixan&&California&&&&,Cotixan&&California&&Clairemont&&4370 Genessee Ave,Don Carlos Taco Shop&&California&&&&,Don Carlos Taco Shop&&California&&La Jolla&&737 Pearl St,Donato's Taco Shop&&Al pastor&&&&,Donato's Taco Shop&&Carne asada&&&&,Donato's taco shop&&California&&Miramar&&6780 Miramar Rd,El Cuervo&&California&&Hillcrest&&110 Washington St,El Cuervo&&Pollo adobado&&&&,El Dorado Mexican Food&&California&&&&,El Dorado Mexican Food&&California&&Temecula&&29000 Old Town Front St,El Dorado Mexican Food&&Super&&&&,El Indio&&California&&San Diego&&3695 India St,El Nopalito&&Especial&&Encinitas&&582 Santa Fe Dr,El Nopalito&&Ranchero steak&&&&,El Pollo Loco&&Chicken avocado&&Oceanside&&3500 College Blvd,El Portal Fresh Mexican Grill&&Carnitas&&&&,El Portal Fresh Mexican Grill&&Mahi&&Clairemont&&4101 Genesee Ave,El Pueblo Mexican Food&&California&&Cardiff&&820 Birmingham Dr,El Rey Moro&&California Surf&&Clairemont&&4471 Clairemont Mesa Blvd,El Rey Moro&&Hashbrown&&&&,El Torrito Foods&&Adobada&&&&,El Torrito Foods&&Asada&&Vista&&249 Emerald Dr,El Zarape&&Azteca&&&&,El Zarape&&California chicken&&&&,El Zarape&&California&&&&,El Zarape&&California&&University Heights&&4642 Park Blvd,El Zarape&&Carne asada supreme&&&&,El Zarape&&Lobster&&&&,El Zarape&&Surf and Turf&&&&,Famoso Mexican Street Food&&Cali Diablo&&Downtown&&815 C St,Filiberto's&&Adobada&&Encinitas&&476 S Coast Hwy 101,Filiberto's&&California&&&&,Gloria's Taco Shop&&Cabeza&&&&,Gloria's Taco Shop&&California&&South Park&&1233 28th St,Goody's&&Carne Asada&&&&,Goody's&&Custom&&La Jolla&&,Goody's&&Custom&&La Jolla&&Marshall College,Graciela's Taco Shop&&Adobada&&Bonita&&5047 Central Ave,Graciela's Taco Shop&&Barbacoa&&&&,Humbertos&&Pollo california&&&&,JV's Mexican Food&&Carne Asada&&Morena&&1112 Morena Blvd,JV's Mexican Food&&Surf & Turf&&&&,Jorge's Mexicatessen&&California&&Encinitas&&267 N El Camino Real,Jorge's Mexicatessen&&Chimichanga beef&&&&,Jose's Taco&&California&&Oceanside&&3910 Vista Way,Juanita's Taco Shop&&Arizona&&&&,Juanita's Taco Shop&&California&&Encinitas&&290 N Coast Hwy 101,Karina's Taco Shop&&Bomb&&Encinitas&&916 N Coast Hwy 101,Karina's Taco Shop&&California&&&&,King Burrito&&Adobada&&Oceanside&&3490 Marron Rd,King Burrito&&California&&&&,Kotija Jr&&California&&Del Mar&&2668 Del Mar Heights Rd,Kotija Jr&&Steak fajitas&&&&,Kotija Jr.&&Fish&&&&,La Morena Taco Shop and Seafood&&California&&Webster&&5059 Federal Blvd,La Perla Cocina&&Addiction&&Pacific Beach&&745 Emerald St,La Perla Cocina&&California&&&&,La Perla Cocina&&Oaxacalifornia&&&&,Lola's 7 Up Market & Deli&&Carne asada&&&&,Lola's 7 Up Market & Deli&&Shredded beef&&Carlsbad&&3292 Roosevelt St,Lolita's Taco Shop&&California&&&&,Lolita's Taco Shop&&Mixed&&&&,Lolita's Taco shop&&Bean and cheese&&&&,Lolita's Taco shop&&Carne asada&&&&,Lolita's Taco shop&&Shrimp&&&&,Lolita's taco shop&&2 in 1&&&&,Lolita's taco shop&&2 in 1&&Kearny Mesa&&7305 Clairemont Mesa Blvd,Lolita's taco shop&&Adobado&&&&,Lolita's taco shop&&California&&&&,Lolita's&&Bean and Cheese&&&&,Los Cabos&&Al pastor&&&&,Los Cabos&&California&&San Marcos&&165 S Rancho Santa Fe Rd,Los Panchos Taco Shop&&Bitchin California&&&&,Los Panchos Taco Shop&&California&&Hillcrest&&409 Washington St,Los Panchos Taco Shop&&Tijuana&&&&,Los Primos Mexican Food&&619 Burrito Original&&&&,Los Primos Mexican Food&&Adobada&&&&,Los Primos Mexican Food&&Baja monster&&&&,Los Primos Mexican Food&&California breakfast&&&&,Los Primos Mexican Food&&California&&&&,Los Primos Mexican Food&&Carne asada&&&&,Los Primos Mexican Food&&Carnitas&&&&,Los Primos Mexican Food&&Monster California&&&&,Los Primos Mexican Food&&Monster California&&UTC&&7770 Regents Rd,Los Primos Mexican Food&&Surf & Turf&&&&,Los Tacos 2&&Al pastor tradicional&&Oceanside&&3480 Marron Rd,Los Tacos 2&&Cheese steak&&&&,Los Tacos 2&&Local&&&&,Los Tacos&&California&&&&,Los Tacos&&Fusion&&&&,Los Tacos&&Local&&&&,Los palmitos&&California&&Clairemont&&5145 Clairemont Mesa Blvd,Los palmitos&&Surf & Turf&&&&,Los tacos&&Fusion&&&&,Los tacos&&Local&&Oceanside&&2183 Vista Way,Lourdes&&California&&&&,Lourdes&&Carnitas&&Encinitas&&2113 San Elijo Ave,Lucha Libre North Park&&Bean and cheese&&&&,Lucha Libre North Park&&California - Chicken&&&&,Lucha Libre North Park&&California - Pork Adobada&&&&,Lucha Libre North Park&&California - Steak&&&&,Lucha Libre North Park&&Holy Moly&&&&,Lucha Libre North Park&&Nutty&&&&,Lucha Libre North Park&&Surf & Turf&&&&,Lucha Libre North Park&&Surf & Turf&&North Park&&3016 University Ave,Lucha Libre North Park&&Surfin California&&&&,Lucha Libre North Park&&Veg Out&&&&,Lucha Libre North Park&&Veggie&&&&,Lupe's Taco Shop&&California&&&&,Lupe's Taco Shop&&Hot cheetos&&Linda Vista&&7621 Linda Vista Rd,Lupe's Taco Shop&&Spicy a la Diabla&&&&,Lupe's Taco Shop&&Surfin California&&&&,Lupe's Taco Shop&&TGunz&&&&,MXN on Washington&&Bean and rice grande size&&&&,Matador Mexican Food&&Carne asada&&&&,Matador Mexican Food&&Carnitas&&Morena&&5201 Linda Vista Rd,Mi Asador Mexican & Seafood&&California&&Oceanside&&4750 Oceanside Blvd,Mi Asador Mexican & Seafood&&El Hawaiiano&&&&,Mikes Taco Club&&California&&&&,Mikes Taco Club&&California&&Ocean Beach&&5060 Newport Ave,Mister Falafel&&Chicken Shawarma&&Clairemont&&4461 Clairemont Mesa Blvd,Mr. Ruribertos Taco Shop&&California&&Mission Beach&&3202 Mission Blvd,Mr. Ruribertos Taco Shop&&Carne asada&&&&,Netos Mexican Food&&California&&San Marcos&&325 S Rancho Santa Fe Rd,Netos Mexican Food&&Carne adobada&&&&,Nico's Taco Shop&&California&&Carmel Valley&&3860 Valley Centre Dr #404,Nico's Taco Shop&&Carnitas&&&&,Ortiz's Taco Shop #2&&California chicken&&&&,Ortiz's Taco Shop #2&&California&&&&,Ortiz's Taco Shop #2&&California&&Pacific Beach&&1313 Garnet Ave,Oscar's Mexican food&&California&&San Marcos&&225 S Rancho Santa Fe Rd,Oscar's Mexican food&&Carne asada&&&&,Oscar's Mexican food&&Carnitas&&&&,Papa Chito's Mexican Food&&California&&&&,Papa Chito's Mexican Food&&California&&University City&&3951 Governor Dr,Pedro's Tacos&&California Burrito&&Oceanside&&,Pokirrito&&Mauna Lani&&&&,Pokirrito&&Pokirrito classic&&Kearny Mesa&&4646 Convoy St,Pollos Maria&&California&&Carlsbad&&3055 Harding St,Pollos Maria&&Carne asada&&&&,Pollos Maria&&Combo chicken&&&&,Pollos Maria&&combo chicken&&&&,Porkyland&&California&&&&,Porkyland&&Chicken nopalito&&&&,Porkyland&&Deborah's special&&Carmel Valley&&4645 Carmel Mountain Rd,"Qdoba Mexican Grill, Seatac Airport&&Custom&&Seattle&&Airport",Raul's Mexican food&&Chile verde pork&&Encinitas&&490 S Coast Hwy 101,Raul's Mexican food&&carne asada&&&&,Rigoberto's Taco Shop La Jolla&&California&&&&,Rigoberto's Taco Shop La Jolla&&California&&La Jolla&&7345 La Jolla Blvd,Rigoberto's Taco Shop&&Adobada&&&&,Rigoberto's Taco Shop&&Al pastor&&&&,Rigoberto's Taco Shop&&Bacon breakfast&&&&,Rigoberto's Taco Shop&&California&&&&,Rigoberto's Taco Shop&&Campeon&&&&,Rigoberto's Taco Shop&&Carne asada&&&&,Rigoberto's Taco Shop&&Carne asada&&Miramar&&7094 Miramar Rd,Rigoberto's Taco Shop&&Carnitas&&&&,Rigoberto's Taco Shop&&Chile Relleno&&&&,Rigoberto's Taco Shop&&El Rusio&&&&,Rigoberto's Taco Shop&&Fish&&&&,Rigoberto's Taco Shop&&Surf & Turf&&&&,Roberto's Taco Shop Clairemont&&California + Guac + sour cream&&&&,Roberto's Taco Shop Clairemont&&California&&&&,Roberto's Taco Shop Clairemont&&California&&Clairemont&&3095 Clairemont Dr,Roberto's Taco Shop Clairemont&&Carne asada&&&&,Roberto's Taco Shop Hillcrest&&Asada&&Hillcrest&&420 Robinson Ave,Roberto's Taco Shop Hillcrest&&California Surf and Turf&&&&,Roberto's Taco Shop Hillcrest&&California&&&&,Roberto's Taco Shop Hillcrest&&Golden State&&&&,Roberto's Very Mexican Food&&Carnitas&&&&,Roberto's Very Mexican Food&&Chicken asada&&Del Mar&&2206 Carmel Valley Road,Rubios UCSD&&Grilled fish salmon&&&&,Rubios UCSD&&Tilapia one&&UTC&&9500 Gilman Dr,Rudy's Taco Shop&&Carnitas&&&&,Rudy's Taco Shop&&Chicken&&Solana Beach&&524 Stevens Ave,Saguaro's&&Vegetarian&&&&,Senor Grubby's&&California&&Carlsbad&&377 Carlsbad Village Dr,Senor Grubby's&&Pastor&&&&,Senor Panchos&&California&&&&,Senor Panchos&&Pollo asado&&San Marcos&&1909 W San Marcos Blvd,Sotos Mexican Food&&California&&Miramar&&6904 Miramar Rd,Sotos Mexican Food&&Pastor&&&&,Storehouse Kitchen&&Breakfast&&La  Jolla village&&,Taco Stand Encinitas&&California&&&&,Taco Stand Encinitas&&California&&Encinitas&&642 S Coast Hwy 101,Taco Stand&&Al Pastor&&&&,Taco Stand&&Al pastor&&&&,Taco Stand&&California&&&&,Taco Stand&&California&&La Jolla&&621 Pearl St,Taco Stand&&Surf and turf&&&&,Taco Surf PB&&California&&&&,Taco Surf PB&&California&&Pacific Beach&&4657 Mission Blvd,Taco Surf PB&&Carne asada&&&&,Taco VIlla&&California&&&&,Taco Villa&&Al pastor&&&&,Taco Villa&&Bean & cheese&&&&,Taco Villa&&Breakfast&&&&,Taco Villa&&California&&&&,Taco Villa&&Carne asada&&&&,Taco Villa&&Carnitas&&&&,Taco Villa&&Carnitas&&UTC&&9500 Gilman Dr,Taco Villa&&Chicken and rice&&&&,Taco Villa&&Chicken&&&&,Taco Villa&&Pollo asado&&&&,Taco Villa&&Shrimp with guac&&&&,Taco Villa&&Tejano&&&&,Taco stand&&Al pastor&&&&,Taco stand&&California&&&&,Taco stand&&Carne asada&&&&,Taco stand&&Shrimp&&&&,Tacos La Bala&&Barbacoa&&&&,Tacos La Bala&&Pastor&&Houston&&5800 Bellaire Blvd,Tacos por favor&&Al pastor&&&&,Tacos por favor&&Carne asada&&&&,Tacos por favor&&Carne asada&&Santa Monica&&1408 Olympic Blvd,Tony's Fresh Mexican Food&&California&&&&,Tony's Fresh Mexican Food&&Chile verde pork&&Miramar&&7122 Miramar Rd,Tony's Fresh Mexican Food&&battered fish&&&&,Valentines Mexican Food&&California Chipotle&&&&,Valentines Mexican Food&&California&&&&,Valentines Mexican Food&&California&&Downtown&&1157 Sixth Ave,Valentines Mexican Food&&Carne asada&&&&,Valentines Mexican Food&&Pork california&&&&,Vallarta Express&&California&&&&,Vallarta Express&&Surf & Turf&&&&,Vallarta express&&California&&&&,Vallarta express&&Carne asada&&&&,Vallarta express&&Fish&&&&,Vallarta express&&Mahi&&&&,Vallarta express&&Philly&&&&,Vallarta express&&Quesa&&&&,Vallarta express&&Quesaburro&&Clairemont&&4277 Genesee Ave,Vallarta express&&Surf and turf&&&&
Beans,,,,,,,,,,,,,,,,,,,,,,,,,,,,,,,1.0,,,1.0,,1.0,,,,,,,,,,,,,,,,,1.0,,,,,,,,1.0,1.0,1.0,,,,,,,,,,,,,,1.0,1.0,,,,,,1.0,,,,,,,,,,,,1.0,,,1.0,1.0,,1.0,1.0,,,,,,,,,,,,,,,1.0,,,,,,,,,,,,,,,,,,,,1.0,,,,,,,,,1.0,1.0,,,,,,,,,,,,,,,,,,,,,,,,,,,,,,,,,,1.0,,,,1.0,1.0,,,,,,,,,,,,,,,,,,,,,,,,,,,,,,,,,,,,,,,,,,,,,,,,,,1.0,,,,,,,,,,,,,,,,,1.0,1.0,1.0,,1.0,,,,,,,,,,,,,,,,1.0
Beef,1.0,1.0,,,,,1.0,1.0,,,,,,1.0,1.0,1.0,1.0,1.0,1.0,1.0,,,,,,,,1.0,1.0,1.0,,1.0,,,,1.0,,,1.0,,,1.0,1.0,,1.0,1.0,1.0,,,1.0,1.0,1.0,1.0,,,,,1.0,1.0,,,1.0,1.0,,1.0,1.0,,,,1.0,,,,,,1.0,1.0,,1.0,,1.0,1.0,1.0,1.0,1.0,1.0,1.0,1.0,1.0,,1.0,,,,1.0,1.0,1.0,1.0,1.0,1.0,1.0,1.0,,1.0,,1.0,1.0,,1.0,,,1.0,1.0,1.0,,1.0,,,1.0,,,,1.0,1.0,1.0,,,,,,,1.0,1.0,1.0,,,,,,,1.0,,,1.0,1.0,1.0,,,,,,,,,1.0,,1.0,1.0,1.0,1.0,,1.0,1.0,1.0,1.0,1.0,,,,,1.0,1.0,,1.0,1.0,,,,1.0,,,,1.0,,1.0,,,1.0,1.0,1.0,,,,1.0,1.0,1.0,1.0,,,1.0,,1.0,1.0,1.0,1.0,1.0,1.0,,1.0,,,,,,,,,1.0,,,,1.0,,,,,,,1.0,1.0,1.0,1.0,1.0,1.0,,,,,1.0,,,,,,,,,,1.0,1.0,,,,,1.0,1.0,1.0,,,1.0,,1.0,1.0,,,,,1.0,,,1.0,1.0,1.0,1.0
Cheese,1.0,,,,,,1.0,,,,,,,1.0,1.0,1.0,1.0,1.0,1.0,1.0,,1.0,,,,,,1.0,1.0,,,,,,,,1.0,,1.0,,,1.0,1.0,,,1.0,1.0,,,1.0,1.0,1.0,1.0,,,,,1.0,1.0,,,,1.0,1.0,1.0,1.0,,,,1.0,,,,,,,1.0,,,,,,1.0,1.0,1.0,,1.0,1.0,1.0,,1.0,,,,,,1.0,1.0,1.0,1.0,1.0,1.0,1.0,,,1.0,1.0,,1.0,,,1.0,1.0,1.0,,,,,1.0,1.0,,,1.0,1.0,1.0,,,,,,,1.0,,1.0,1.0,,,1.0,1.0,1.0,1.0,1.0,1.0,,,1.0,,,,,,,,,,,1.0,1.0,1.0,1.0,,1.0,,1.0,,1.0,,,,,1.0,,,1.0,1.0,,,,1.0,,,1.0,1.0,,,1.0,,,,,,,1.0,1.0,1.0,,,,1.0,1.0,,1.0,1.0,1.0,1.0,,,,1.0,,,,,,,,,1.0,,,,1.0,,,,,,,1.0,1.0,,1.0,1.0,,,,1.0,,1.0,,,,,,,,1.0,,1.0,,,,,,,,1.0,,,1.0,,1.0,,,,,,,,,1.0,1.0,1.0,
Circum,21.5,21.0,21.0,25.0,23.0,22.0,22.5,21.0,20.0,22.0,21.5,20.0,19.0,20.0,21.0,20.5,,,,23.0,20.0,,,17.0,21.5,22.5,21.5,22.0,,,20.5,21.0,,26.5,,,,,18.0,23.0,24.0,22.5,22.5,21.5,23.5,,21.5,20.0,24.5,,,,23.5,20.5,21.0,22.5,23.5,21.0,23.5,20.0,19.5,19.0,,,19.5,,21.0,,,27.0,,,20.5,22.0,,,22.5,,,,,,22.0,,22.0,22.5,23.0,23.0,22.125,19.0,20.5,21.0,22.0,,,,,,,,25.0,,20.0,20.5,25.0,21.5,,,24.5,,23.5,21.0,24.0,21.5,22.0,,20.0,,22.5,,20.5,20.5,24.0,,21.75,19.5,21.0,22.0,23.0,21.0,23.0,23.0,24.0,21.0,21.5,20.0,19.0,22.0,23.5,24.5,23.5,,25.0,24.0,22.5,24.5,23.0,25.5,26.0,21.5,22.0,25.5,29.0,,,,22.0,22.5,,,18.5,21.0,21.0,23.5,23.5,,,22.0,20.5,21.0,,,,20.0,20.0,,22.75,23.5,,17.0,22.5,,,,,,,,,,,,22.0,,,22.0,,22.5,24.0,23.0,23.5,,,,,,21.5,22.0,21.5,24.0,20.0,21.5,19.5,20.0,,,,21.5,23.0,19.5,19.5,23.0,22.0,,22.0,23.5,,21.0,,,,24.0,23.0,20.5,21.5,20.0,,,20.0,,20.0,20.0,,22.5,21.0,,21.0,,,,22.0,22.0,,21.0,,20.5,,,,22.0,22.0,22.0,21.5,22.0,,23.0,,,,,,,,
Cost,5.7,5.25,4.59,11.5,7.35,7.19,6.89,6.89,6.99,6.47,5.56,5.56,5.56,5.5,6.5,6.5,6.25,6.25,6.25,6.25,5.5,6.5,7.0,4.75,6.5,6.75,6.45,6.99,6.99,5.99,6.5,6.5,9.43,7.15,7.0,6.49,6.29,8.25,6.25,6.9,7.19,7.75,7.75,5.99,5.99,6.49,6.95,5.95,7.4,6.94,6.94,7.84,4.87,4.87,5.99,6.7,7.35,4.99,9.19,6.47,3.99,5.49,6.25,6.25,6.25,6.25,6.25,9.5,7.0,10.5,6.25,6.25,5.49,5.65,6.25,8.0,7.25,5.99,5.99,6.0,6.25,9.5,5.95,5.5,6.1,5.55,5.55,7.99,6.99,4.99,5.29,6.99,7.1,6.5,6.35,7.99,6.5,9.99,7.0,6.0,7.0,8.25,3.5,6.25,8.95,8.75,8.75,5.5,7.0,,5.69,5.99,7.25,6.25,7.0,11.75,6.25,6.0,6.25,7.5,7.0,6.35,9.25,9.25,7.0,8.25,9.95,8.5,7.9,8.5,7.9,7.1,8.25,8.5,7.9,6.35,7.35,3.75,7.5,7.5,7.5,7.5,7.5,8.25,8.25,8.25,6.95,5.25,7.49,7.29,7.49,7.89,10.0,2.99,6.6,6.6,6.89,6.39,8.59,8.59,6.99,7.75,7.75,5.99,5.5,7.19,6.99,6.39,6.39,6.39,5.45,5.25,4.85,6.25,6.25,6.5,11.95,11.95,6.59,6.49,6.99,6.99,8.75,7.95,8.25,9.5,5.0,5.0,6.4,6.4,6.6,,6.25,6.6,7.65,6.6,6.6,7.5,6.6,6.65,6.0,7.45,7.29,5.79,5.79,5.69,7.0,9.0,7.0,25.0,5.4,6.5,8.99,7.99,6.6,6.6,5.25,9.0,9.0,6.25,6.25,6.75,5.99,,7.49,7.49,6.99,6.99,7.49,7.49,8.49,7.14,7.14,6.02,6.99,5.99,,4.99,6.99,6.99,5.95,5.99,4.95,4.99,5.99,,6.99,6.99,8.0,7.89,8.95,4.99,4.99,6.85,6.85,7.85,6.25,6.95,6.99,7.9,7.9,7.9,6.75,7.9,7.5,8.55,6.65,6.5,6.5,7.3,6.95,6.95,6.95,7.65
Fillings,4.0,3.5,5.0,3.5,3.5,3.5,3.5,4.5,2.5,2.0,3.0,3.5,3.5,3.0,3.0,1.5,4.0,2.5,3.5,3.0,4.0,5.0,3.0,4.3,4.5,3.5,3.0,4.0,3.5,4.0,4.0,4.0,5.0,2.8,3.0,4.0,4.0,5.0,3.0,3.5,3.8,3.6,3.7,2.8,4.0,3.5,4.0,3.5,3.5,4.5,3.5,4.0,2.0,2.4,2.5,3.0,2.0,4.0,3.5,2.5,2.5,3.0,4.5,2.5,4.0,2.75,3.5,3.0,5.0,3.5,3.0,3.5,2.0,3.0,2.0,3.0,2.0,3.5,,5.0,3.0,2.5,4.0,3.0,3.5,4.0,3.0,3.5,3.5,3.0,3.0,3.8,4.0,4.0,3.0,3.0,4.0,4.0,4.0,4.0,2.0,4.0,3.0,4.5,4.0,4.7,3.5,3.0,3.5,4.7,3.5,2.5,4.5,3.0,4.0,5.0,3.0,4.0,2.0,3.5,2.0,2.0,3.0,3.5,3.0,3.0,1.5,4.0,4.0,3.0,4.5,3.8,3.0,3.5,4.0,3.0,3.0,1.0,4.5,3.0,3.5,3.5,4.0,4.0,3.0,3.5,5.0,3.5,4.0,3.5,2.0,4.0,3.5,4.5,3.5,3.2,2.5,3.5,4.5,5.0,3.0,3.3,2.0,4.0,3.0,2.0,2.5,2.0,4.0,4.0,2.5,3.0,3.0,3.0,2.5,5.0,4.0,4.5,3.5,4.0,3.5,3.5,5.0,3.5,2.5,3.0,2.0,1.0,3.0,3.0,5.0,5.0,4.0,4.5,3.0,4.0,3.5,5.0,5.0,2.0,5.0,2.5,3.5,2.5,4.0,3.0,2.5,4.0,2.0,3.8,2.5,2.0,3.5,3.0,4.0,4.5,5.0,1.5,2.5,3.0,3.0,4.0,4.0,4.2,4.2,4.3,4.5,3.5,4.0,4.0,4.0,4.0,5.0,3.4,3.5,3.0,3.0,3.0,3.0,3.0,3.0,2.8,4.0,2.5,3.5,4.0,3.0,3.0,5.0,4.0,5.0,2.0,2.5,3.0,3.0,3.5,4.0,3.0,2.5,4.5,4.0,4.0,3.5,5.0,4.0,3.0,3.5,3.0,4.0,3.0,3.0,4.0,4.0,3.0
Fries,1.0,,,,,,1.0,,,,,,,1.0,1.0,,1.0,1.0,1.0,,,,,,,,,1.0,1.0,,,,,,,,,,1.0,,,1.0,1.0,,,1.0,1.0,,,1.0,,1.0,,,,,,1.0,1.0,,,,,1.0,1.0,1.0,,,,1.0,,,,,,,,,,,,,1.0,,1.0,1.0,1.0,1.0,1.0,,1.0,,,,1.0,,1.0,1.0,,,1.0,,,,,,,,1.0,,,1.0,1.0,1.0,,1.0,,,1.0,1.0,,,1.0,1.0,,,,,,,,1.0,,,1.0,,,,1.0,1.0,1.0,,1.0,,,1.0,,1.0,,,,,,,,,1.0,,1.0,1.0,,1.0,,1.0,,1.0,,,,,1.0,,,1.0,1.0,,,,1.0,,,,1.0,,,,,,1.0,1.0,,,1.0,1.0,1.0,,,,,1.0,,,1.0,1.0,1.0,,,,1.0,,,,,,,,,1.0,,,,1.0,,,,,,,1.0,1.0,,1.0,1.0,,,,,,1.0,,,,,,,,1.0,,1.0,,,,,,,,1.0,1.0,,1.0,,1.0,,,,,,,,,,,,
Google,3.9,,,,4.8,,4.1,,,,,4.4,,,4.4,,,,4.4,,,,,,,,,,4.1,,4.2,,,4.2,,,4.2,,4.0,,4.0,,4.5,,,4.2,4.3,,,4.0,,3.9,4.0,,4.1,,4.4,4.7,3.8,,,4.4,,,,4.4,,,,3.9,3.8,,,4.3,,,4.1,4.5,,,4.1,,4.5,,3.8,,4.5,4.2,,3.9,,4.2,,,4.7,4.7,,,,4.9,,,,,,,4.4,,,,,4.1,,3.4,,,,,,,,,,3.7,,5.0,,,,,,4.1,,,4.2,,4.7,,,,,,,,4.3,,,,,4.5,,,,,,4.0,4.4,,,4.9,4.6,3.7,,4.1,,2.9,,,,4.2,3.3,,,,3.3,,,4.3,3.8,,,,,,4.4,,4.2,,,4.0,,,,,,,4.4,,,,,,,,4.0,,4.2,,,,,3.9,,3.4,,4.3,,4.1,,,4.2,4.6,,,,4.4,,,,4.4,,,4.6,,,,,,,,,3.5,,,,,,,,,,,4.1,,,4.1,,4.1,,,,4.0,,,,,,,,,,,4.0,
Guac,1.0,1.0,,,,,,1.0,,,,,,,,,,1.0,1.0,1.0,1.0,,,,,,1.0,,,,1.0,1.0,,,,,,,1.0,,,,,1.0,1.0,1.0,1.0,1.0,,1.0,1.0,1.0,1.0,,1.0,1.0,1.0,,1.0,,,,,1.0,1.0,1.0,,,,1.0,1.0,,,,,1.0,1.0,,,,1.0,1.0,,1.0,1.0,1.0,,1.0,,1.0,,,,,,1.0,1.0,1.0,1.0,,,1.0,,1.0,,1.0,1.0,1.0,,,1.0,,1.0,,,,,1.0,,,,1.0,1.0,1.0,,1.0,,,,,,,1.0,1.0,,,,,1.0,,,,,,,,,,,,,,,,1.0,1.0,1.0,1.0,1.0,1.0,,,1.0,1.0,1.0,,1.0,,,,1.0,1.0,1.0,,,,,,,,,1.0,1.0,1.0,,1.0,,1.0,,,1.0,,,,1.0,1.0,1.0,1.0,,,,,1.0,,,1.0,1.0,,,,1.0,1.0,,1.0,1.0,1.0,,,1.0,,,1.0,1.0,,,,,,1.0,1.0,1.0,1.0,1.0,1.0,,1.0,,,,,1.0,1.0,,,,,,,1.0,1.0,,,,,,1.0,,,,1.0,,1.0,1.0,,,,,1.0,,,,1.0,1.0,1.0
Hunger,3.5,4.0,4.0,3.5,3.5,3.5,4.0,5.0,4.0,4.0,4.0,2.5,3.5,4.0,4.0,3.0,2.0,3.5,4.0,3.0,4.5,5.0,4.31,4.0,4.5,4.0,3.0,4.0,4.0,3.0,3.5,5.0,,4.0,3.5,4.5,3.5,4.0,4.0,4.3,4.5,2.5,5.0,4.0,2.0,3.0,3.5,4.0,3.3,4.0,3.75,4.0,2.0,2.5,3.5,3.75,2.3,4.0,2.8,4.0,4.5,4.0,3.75,3.0,4.0,0.5,4.0,3.0,2.5,3.0,4.4,3.0,3.0,3.0,4.5,4.0,3.5,3.0,2.0,5.0,3.5,2.0,3.5,3.0,4.0,2.5,3.5,3.0,2.5,3.5,3.5,4.0,3.0,4.0,4.0,3.5,5.0,3.0,3.5,3.5,2.2,4.0,1.0,4.0,3.5,3.0,3.5,2.5,3.5,4.3,3.0,4.0,4.0,3.0,3.5,4.0,2.0,4.0,2.5,4.0,4.0,4.5,3.5,3.5,2.5,3.8,4.2,3.8,3.5,3.9,3.5,4.0,3.5,3.5,3.5,3.5,3.5,5.0,4.0,4.0,2.5,5.0,3.8,3.0,4.0,3.0,3.0,3.0,3.7,3.5,5.0,3.0,3.0,3.0,4.0,3.2,3.0,3.0,3.5,2.5,3.7,4.0,4.0,4.0,3.0,1.5,4.0,4.25,4.5,4.0,3.5,2.0,1.5,4.0,3.5,5.0,3.0,4.0,4.0,3.0,3.5,4.0,3.0,2.5,3.5,5.0,3.5,1.0,2.5,4.0,3.0,4.0,3.5,3.0,3.5,4.0,3.5,4.0,5.0,4.0,2.0,3.5,3.7,4.0,4.0,3.0,3.5,3.0,3.5,4.0,3.0,2.0,4.0,3.5,3.0,3.5,4.0,2.0,2.0,3.0,3.5,3.0,2.0,3.5,2.0,4.0,4.0,3.5,2.5,4.0,2.5,5.0,3.5,3.2,4.0,4.0,3.0,4.0,3.5,3.0,3.0,2.5,3.0,3.5,4.5,2.0,3.5,4.0,4.0,1.0,5.0,2.5,3.5,4.0,4.0,3.0,3.5,2.0,3.0,3.0,4.0,4.0,3.0,4.0,4.0,3.0,3.5,3.5,2.5,3.0,4.0,4.5,3.5,3.0
Length,20.5,21.0,17.0,15.0,17.0,21.0,21.5,18.5,21.0,23.0,21.0,21.5,22.5,20.0,19.5,18.5,,,,23.0,21.5,,,18.0,22.5,24.5,19.5,19.5,,,20.5,21.0,,16.5,,,,,22.5,19.0,20.0,20.0,18.0,19.5,21.0,,20.0,20.5,19.5,,,,19.0,19.5,17.5,18.0,19.5,19.0,20.5,22.5,22.5,23.5,,,17.0,,18.0,,,20.0,,,19.0,19.5,,,18.5,,,,,,20.0,,22.0,20.5,17.5,25.5,21.5,23.0,22.5,20.0,21.0,,,,,,,,18.0,,16.0,15.0,18.5,19.0,,,17.5,,17.5,18.5,19.0,18.0,19.5,,20.5,,18.5,,18.5,18.0,25.5,,20.5,22.5,22.0,23.0,20.5,21.0,22.0,22.5,20.0,18.5,20.5,19.0,21.0,18.0,20.0,18.0,19.0,,19.0,19.0,19.0,21.0,19.0,19.5,20.0,19.0,18.0,18.5,23.0,,,,25.0,23.0,,,24.0,20.0,19.5,20.5,20.75,,,22.0,22.5,20.0,,,,20.0,21.5,,20.0,18.0,,17.5,20.5,,,,,,,,,,,,22.0,,,22.0,,23.5,23.0,21.5,23.0,,,,,,19.5,24.0,23.0,21.5,18.0,18.5,15.5,17.0,,,,19.0,18.5,21.0,21.5,22.5,21.0,,18.5,17.5,,18.5,,,,20.5,20.0,19.5,20.5,18.0,,,19.0,,18.0,18.5,,18.5,18.5,,19.0,,21.59,,17.0,16.5,,15.5,18.0,16.5,,,,18.5,20.0,20.0,18.0,19.0,,20.0,,,,,,,,
Meat,3.0,2.8,5.0,4.0,3.5,3.5,3.5,4.5,4.0,2.0,4.0,2.5,,3.0,2.5,3.5,5.0,4.0,2.5,4.0,5.0,5.0,3.5,4.5,3.5,4.0,3.5,4.0,4.0,3.5,3.5,3.5,5.0,3.0,5.0,4.0,4.0,5.0,2.5,3.5,3.0,2.6,3.3,3.7,4.5,3.0,3.0,4.5,4.2,4.0,3.5,3.5,1.5,2.5,3.8,4.0,3.5,3.5,4.0,2.0,3.0,3.0,5.0,2.5,3.75,4.0,,4.0,5.0,3.3,4.0,3.7,2.0,2.0,2.0,2.0,2.0,3.0,3.5,5.0,1.5,2.75,3.5,3.0,2.0,3.5,3.0,4.0,3.5,3.0,2.0,3.5,4.0,4.0,4.0,2.0,4.0,3.5,3.0,3.0,3.0,4.0,,3.0,4.0,2.7,3.0,3.5,3.0,,3.0,2.5,5.0,4.0,3.5,4.0,2.5,1.0,3.0,3.5,2.0,2.5,3.0,4.5,2.0,4.0,3.0,3.0,4.0,4.1,4.5,3.8,4.0,4.0,4.5,3.0,3.5,,3.0,3.0,5.0,3.5,4.0,5.0,3.0,4.0,,,3.9,3.5,4.0,4.5,3.2,,3.5,3.0,3.0,2.5,4.0,3.5,4.0,3.0,2.0,3.0,3.5,3.0,3.0,3.7,4.0,4.0,2.5,3.5,2.5,3.0,2.5,4.0,4.0,4.0,4.0,3.0,4.0,5.0,3.0,4.0,3.5,3.5,2.5,1.0,3.0,2.75,5.0,5.0,4.0,4.0,3.0,4.0,4.0,4.0,,2.5,5.0,3.5,4.0,4.0,4.0,1.5,2.0,4.0,2.0,4.0,4.0,2.0,3.5,3.0,3.0,4.0,,3.0,1.5,4.0,3.0,3.0,2.5,4.5,4.0,4.2,4.5,4.0,4.0,4.0,4.5,4.5,4.0,3.3,3.5,2.0,,3.0,3.0,2.0,4.0,4.5,4.0,3.0,2.5,3.0,4.2,3.5,5.0,4.5,5.0,3.5,4.0,4.0,3.5,4.5,3.5,4.0,1.5,3.5,5.0,4.0,4.5,4.0,4.0,3.0,3.5,3.0,3.5,3.5,4.0,3.5,3.5,3.0
Meat:filling,1.5,4.0,5.0,3.0,3.0,3.0,3.0,3.0,2.5,3.0,4.0,4.5,3.0,3.5,4.0,1.5,4.0,3.0,3.5,4.0,4.5,5.0,3.5,4.5,3.5,3.5,3.5,3.5,4.0,3.5,4.0,4.0,5.0,2.5,3.0,5.0,3.5,5.0,1.5,3.5,3.5,4.0,4.0,5.0,4.0,4.0,3.0,4.0,2.9,3.2,4.0,4.5,3.0,3.5,2.5,3.75,1.5,4.5,5.0,1.5,2.8,2.5,4.0,4.0,3.75,4.0,3.5,3.5,5.0,1.5,5.0,4.0,2.5,4.2,2.5,2.0,2.0,4.0,4.0,5.0,4.5,2.5,3.0,3.0,4.5,3.5,5.0,2.5,3.0,2.5,2.5,3.0,4.5,5.0,4.5,1.5,5.0,3.0,2.0,4.0,2.0,4.0,,4.0,3.5,3.0,4.0,4.0,3.0,,4.0,2.5,4.0,4.0,4.0,4.0,2.0,2.0,1.5,4.0,1.0,3.0,1.0,1.5,2.0,3.0,3.0,3.0,3.0,3.7,3.5,4.0,3.5,4.0,1.5,2.5,4.5,,3.0,4.0,3.0,3.0,4.0,2.0,3.0,3.0,,,3.7,3.0,3.0,4.5,1.8,,4.0,4.8,2.5,3.0,4.0,2.5,3.8,1.4,3.5,2.0,3.5,2.5,3.0,4.0,4.5,4.5,2.0,4.0,4.5,4.0,2.5,4.0,3.0,2.5,4.5,3.5,3.0,2.5,3.0,3.0,4.5,4.0,2.0,0.5,4.0,4.0,5.0,5.0,5.0,4.0,2.5,3.5,4.5,5.0,5.0,3.5,5.0,3.0,4.5,3.5,4.0,4.0,4.5,4.5,3.0,4.0,3.5,4.5,4.0,1.5,2.0,3.0,4.0,1.0,1.0,3.5,5.0,1.0,4.0,4.7,3.75,4.0,4.5,4.0,4.0,3.5,5.0,3.5,4.0,4.5,3.5,4.5,2.0,3.0,3.7,2.5,4.0,4.0,3.78,3.0,4.5,4.0,4.7,4.0,4.5,5.0,5.0,3.0,1.0,5.0,4.0,3.5,2.0,4.0,4.0,4.0,5.0,4.5,4.0,5.0,3.0,3.5,4.5,4.5,4.0,3.0,3.0,2.5,4.0,4.0
Pico,1.0,1.0,,,,,1.0,1.0,,,,,,,,,,1.0,1.0,1.0,,1.0,,,,,,,,,,1.0,,1.0,,,,,1.0,,,1.0,1.0,1.0,1.0,1.0,1.0,,,,,,,,,1.0,,1.0,,,,,1.0,1.0,1.0,1.0,,,,1.0,1.0,,,,,1.0,1.0,,,,1.0,,,1.0,,1.0,,,,1.0,1.0,,,,1.0,1.0,1.0,1.0,1.0,1.0,,,,1.0,1.0,,,1.0,,,,,,1.0,,,,1.0,,1.0,,,1.0,1.0,,1.0,,,,,,,,,1.0,,,,1.0,1.0,1.0,,,1.0,1.0,1.0,,1.0,,,,,,,1.0,1.0,,,1.0,1.0,,1.0,1.0,1.0,1.0,,1.0,,,,1.0,1.0,1.0,1.0,1.0,,,,1.0,,,,,,,1.0,,1.0,1.0,1.0,,,,,1.0,1.0,1.0,1.0,,1.0,,,,,,,1.0,,,,1.0,1.0,,,1.0,1.0,,1.0,,,,,,,,,,,1.0,1.0,1.0,,,,,1.0,,,,,1.0,1.0,,,,,,,1.0,1.0,,,,1.0,1.0,1.0,1.0,1.0,,1.0,,1.0,,,,,,1.0,,,,1.0,1.0,
Pork,,,,,,,,,,,,,,,,,,,,,1.0,1.0,,,,,1.0,,,,1.0,,,1.0,,,1.0,,,,,,,1.0,,,,1.0,,,,,,,,1.0,,,,,1.0,,,,,,,,,,1.0,,,,,,,1.0,,,,,,,,,,,,1.0,,,,,,,,,,,,,,,,,,1.0,,,1.0,,,,,,,1.0,,,,1.0,,,,1.0,,,,,,,,1.0,1.0,,,,,1.0,,,,,,,,,,,,,,,,1.0,,,,,,,,,,,1.0,,,,,,1.0,,,,,,,,,,,,,1.0,1.0,,,,1.0,,,,,,,1.0,,,,,,,,,,,,,1.0,,,,1.0,,,,1.0,,,,1.0,,,,,1.0,,,,,,,,1.0,,,,,1.0,1.0,,,,,,1.0,,,,,,1.0,,,,1.0,,,,,,,,,,,,,,,,
Salsa,4.0,4.0,5.0,3.5,3.0,4.0,2.5,4.5,3.0,1.0,4.0,3.7,4.5,2.0,2.5,3.2,,4.0,3.0,3.0,4.0,4.0,3.0,4.8,3.5,2.0,4.0,4.0,2.0,2.0,1.5,4.0,5.0,,4.0,2.5,3.5,,2.5,3.8,4.0,3.6,2.9,3.0,4.0,4.0,4.5,4.5,4.0,4.5,4.5,3.5,3.0,3.0,2.5,3.0,2.0,2.5,3.0,2.5,2.5,3.5,1.5,3.5,4.0,3.5,4.0,3.5,5.0,2.5,2.5,3.0,3.0,3.0,2.0,2.0,2.0,4.0,4.0,5.0,1.5,0.5,4.0,3.5,3.0,3.0,4.0,4.0,4.0,2.5,3.0,3.3,3.75,4.0,2.0,2.5,4.0,2.5,3.0,3.0,2.0,3.0,3.0,2.75,2.5,2.0,3.5,2.5,3.0,,2.5,3.0,5.0,3.5,4.5,5.0,3.5,3.0,3.0,2.5,3.5,2.0,3.0,3.5,3.0,4.0,3.0,3.5,3.5,4.3,3.5,3.9,3.5,4.0,3.0,3.5,4.0,3.0,5.0,4.0,4.5,2.0,4.5,5.0,3.5,3.5,4.5,4.0,3.5,3.7,,3.0,3.5,3.0,3.5,3.0,3.5,3.5,4.0,4.0,,2.2,2.0,2.0,2.5,,,4.5,4.3,4.2,3.5,4.0,3.0,4.0,2.0,,4.5,3.0,2.5,3.0,2.5,2.5,4.0,3.0,4.0,3.0,2.0,1.5,1.5,2.0,,5.0,,4.5,3.5,4.0,3.5,5.0,,1.5,,3.75,4.0,2.0,2.5,3.5,3.0,2.0,3.0,4.0,1.5,1.0,4.0,2.5,3.0,3.0,5.0,2.5,2.5,4.0,3.5,4.5,3.5,4.0,4.75,4.5,4.5,2.5,4.0,3.5,3.5,3.0,4.0,3.8,3.5,3.0,,0.0,3.8,2.0,3.5,1.8,,2.0,2.0,3.0,3.7,3.0,3.0,4.5,5.0,2.0,2.0,3.0,3.0,1.0,1.0,1.0,3.0,2.5,3.0,4.0,4.5,4.0,3.0,3.5,3.5,3.5,,3.5,4.0,3.5,3.5,4.0
Sour cream,1.0,,,,,,1.0,,,,,,,1.0,1.0,,,1.0,1.0,1.0,,1.0,,,,,,1.0,1.0,,,,,1.0,,,,,1.0,,,1.0,1.0,,,,1.0,,,1.0,1.0,,,,,,,,,,,,,,1.0,,,,,1.0,,,,,,1.0,,,,,,,1.0,1.0,,,1.0,1.0,1.0,,,,,,1.0,,1.0,,,,1.0,,,,,,,,1.0,,,1.0,,1.0,,,,,1.0,,,,1.0,1.0,,,,,,,,1.0,,,,,,,1.0,1.0,1.0,1.0,1.0,,,,,,,,,,,,,,1.0,1.0,1.0,1.0,,1.0,,1.0,,1.0,,,,,,,,,,,,,,,,1.0,1.0,,,,,,,,,,,,1.0,,,,1.0,,,,1.0,,,,,,1.0,,,,,,,,,,,,,1.0,,,,,,,1.0,1.0,,1.0,1.0,,,,,,1.0,,,,,,,,,,,,,,,,,,,,,,,,,,,,,,,,,,,1.0
Synergy,4.0,3.5,5.0,4.0,3.8,3.5,3.5,4.0,3.0,2.0,3.0,3.3,3.5,4.0,3.0,2.0,5.0,4.0,4.0,4.0,4.5,5.0,3.0,4.8,4.3,3.5,2.5,4.0,4.0,3.5,3.5,4.0,5.0,3.0,4.0,4.5,3.5,5.0,2.8,4.0,4.0,4.0,3.0,2.3,4.0,4.0,3.5,4.0,4.0,4.5,3.5,3.5,2.5,3.0,3.0,3.5,3.0,4.5,3.5,3.0,2.5,3.0,3.0,3.0,4.0,3.4,4.0,3.0,5.0,2.5,3.0,4.0,2.5,2.0,1.5,3.0,2.0,4.0,4.0,5.0,2.0,3.0,4.5,3.5,3.5,4.0,3.0,3.5,4.0,3.0,2.0,4.0,4.0,5.0,3.0,1.0,4.0,3.5,3.5,3.5,1.5,4.0,2.5,3.75,4.0,3.7,4.5,3.5,3.0,4.7,4.0,4.0,4.5,3.5,4.0,4.0,3.0,2.0,1.5,3.0,1.5,2.0,2.0,4.0,3.0,3.0,2.2,3.5,4.0,4.2,4.0,4.3,3.5,4.5,4.0,2.8,4.0,2.0,4.5,3.0,4.0,2.0,4.5,2.0,3.0,3.5,5.0,3.5,4.0,3.2,1.0,4.5,3.7,4.0,3.5,2.9,3.0,4.0,4.5,4.5,3.8,3.3,2.0,3.75,3.0,2.0,2.5,2.7,4.0,4.5,2.5,4.0,3.0,4.0,1.5,5.0,4.0,4.0,4.5,4.0,4.5,4.0,3.0,3.0,3.5,2.5,2.5,1.0,,,4.5,5.0,5.0,5.0,2.5,4.5,4.0,4.0,5.0,2.0,5.0,3.0,4.5,2.5,3.0,2.0,2.9,3.5,2.0,4.0,3.0,2.0,4.0,3.0,3.0,4.0,5.0,1.5,2.0,4.0,2.0,3.5,4.0,4.9,4.4,4.0,5.0,4.0,4.0,5.0,4.0,4.0,4.5,3.7,3.5,3.0,1.0,2.5,3.0,2.0,3.0,3.5,4.7,2.0,1.5,4.0,4.2,3.5,5.0,3.5,5.0,2.5,4.0,4.0,3.0,4.0,4.0,2.0,4.5,4.0,5.0,4.0,3.5,5.0,4.0,2.8,4.0,3.0,4.0,2.5,2.0,2.5,4.5,2.0
Temp,3.0,3.0,4.0,2.0,3.0,4.5,4.5,5.0,4.0,2.0,4.0,3.0,3.0,5.0,2.5,4.5,5.0,4.0,4.5,3.0,4.0,5.0,2.5,4.0,3.0,4.0,5.0,4.5,4.5,3.5,4.0,4.5,5.0,2.5,,5.0,5.0,5.0,4.0,3.0,2.0,4.0,4.2,4.5,4.0,5.0,3.5,5.0,4.0,4.0,3.5,4.0,4.0,3.0,3.0,4.0,4.0,4.5,4.5,3.0,4.0,5.0,5.0,5.0,4.0,5.0,4.0,3.0,5.0,2.5,4.5,4.5,5.0,1.5,3.0,,1.0,4.0,4.0,5.0,1.5,2.5,2.5,4.0,3.5,4.0,4.5,4.0,4.0,3.0,4.5,5.0,5.0,,2.5,4.0,,4.5,3.0,2.5,3.0,3.0,4.5,2.5,3.0,4.0,2.0,2.5,5.0,4.0,4.5,4.5,4.0,5.0,4.0,,2.5,3.0,4.0,5.0,3.0,4.0,1.0,4.5,4.0,,5.0,4.5,5.0,4.5,3.5,5.0,4.0,4.0,4.5,3.0,3.0,3.0,2.5,3.0,3.0,2.0,4.0,3.0,2.5,3.0,5.0,4.5,3.5,2.0,4.0,5.0,4.0,3.5,3.5,3.7,2.5,3.0,4.5,4.5,4.0,2.5,4.5,5.0,4.0,3.0,3.0,4.0,4.4,4.0,3.5,2.0,2.0,5.0,3.5,,4.0,4.0,5.0,4.0,2.5,4.0,5.0,2.5,4.5,3.0,,,3.0,4.0,5.0,,3.5,4.5,1.5,3.5,2.0,5.0,4.0,4.5,4.5,5.0,4.7,3.0,4.5,3.0,4.0,4.0,3.0,4.4,3.5,4.0,3.0,4.0,2.5,3.0,5.0,3.5,2.5,4.0,3.5,4.0,2.0,5.0,3.8,3.5,4.0,3.5,3.0,2.5,4.0,2.0,2.0,2.0,,3.5,5.0,5.0,3.0,4.5,3.0,3.8,5.0,4.5,4.0,4.0,5.0,3.0,5.0,3.5,4.0,2.5,2.5,5.0,5.0,4.5,3.5,4.0,1.0,4.0,5.0,4.0,4.7,5.0,,2.5,,5.0,,4.5,4.5,5.0,4.0,4.0
Tortilla,3.5,3.5,4.0,2.0,3.2,3.5,3.5,3.0,3.0,1.0,4.0,2.5,3.5,3.5,3.0,3.0,5.0,4.0,4.5,4.0,5.0,4.5,3.0,4.0,4.5,4.0,4.0,3.0,4.0,4.0,2.5,4.5,4.0,2.5,3.0,3.0,3.5,5.0,3.5,3.0,4.0,4.0,3.5,3.0,2.0,3.0,3.5,3.5,5.0,4.0,3.5,4.0,3.0,3.5,2.0,3.5,4.0,4.5,3.5,3.0,3.5,3.0,3.0,3.5,2.5,3.0,4.0,3.0,5.0,2.0,4.2,4.5,4.5,4.0,3.5,3.0,1.5,4.0,3.5,4.0,2.5,2.5,2.5,2.0,3.5,4.5,4.0,4.0,3.5,3.0,2.5,4.0,3.5,3.0,4.0,4.0,4.0,4.0,2.5,2.5,2.8,4.0,3.5,1.5,3.0,3.0,1.5,1.5,3.0,3.8,4.0,4.0,4.0,3.5,4.0,3.0,4.0,3.0,3.0,3.0,3.5,4.0,2.0,2.0,4.0,4.0,3.5,4.0,4.0,3.0,4.0,4.5,3.5,4.0,3.5,4.0,3.5,4.0,3.5,2.0,3.0,3.5,3.8,5.0,3.0,3.0,5.0,4.5,4.0,3.0,4.0,4.0,3.0,4.5,4.0,1.4,3.0,4.0,4.5,4.0,3.6,3.5,4.0,4.5,3.5,2.0,2.5,2.0,3.0,4.0,2.0,3.0,3.0,4.0,3.5,3.0,3.0,3.5,4.0,3.5,3.5,3.0,4.0,2.5,4.0,3.0,2.0,2.0,3.5,3.0,4.0,5.0,4.0,3.0,3.0,4.0,4.0,4.0,5.0,3.0,5.0,3.0,3.8,4.0,3.0,4.0,4.0,3.5,3.0,3.8,2.0,1.5,3.5,1.5,3.0,3.5,4.0,2.0,2.5,3.0,2.5,4.5,4.0,4.0,3.8,2.0,4.5,4.0,4.0,3.0,4.0,4.0,4.0,4.5,4.0,3.5,5.0,4.5,3.0,3.0,4.0,3.2,3.5,2.5,2.0,2.0,2.0,4.0,4.5,3.0,4.0,2.0,2.5,3.0,4.0,3.0,3.0,3.0,3.0,4.0,3.0,4.0,4.5,5.0,3.0,3.0,3.5,3.75,3.0,3.0,3.0,2.0,3.0,2.0
Uniformity,4.0,4.0,5.0,4.5,3.3,3.5,1.5,4.0,3.0,3.0,2.0,4.5,4.0,3.5,3.5,2.0,2.0,3.5,3.5,3.0,4.0,4.0,4.0,4.5,4.0,3.0,3.5,3.0,2.5,3.5,3.0,3.5,5.0,3.5,4.0,4.0,4.5,5.0,2.5,3.5,2.0,4.0,4.0,4.5,3.0,4.0,3.0,4.5,3.0,3.0,4.0,4.0,5.0,4.5,3.0,4.0,2.0,5.0,4.5,2.5,4.0,4.0,4.0,2.7,5.0,1.6,4.0,4.5,5.0,4.0,3.8,3.5,3.5,4.0,3.0,3.0,2.0,4.5,,4.0,3.0,2.0,4.5,4.0,3.5,4.0,3.0,3.5,1.0,2.0,1.5,2.5,4.75,4.0,2.0,3.0,4.0,2.0,2.0,4.0,4.5,5.0,4.0,2.0,3.5,2.4,1.0,1.5,1.5,5.0,3.5,1.5,3.5,3.0,3.5,4.0,4.0,2.0,1.0,4.0,3.0,2.0,,3.0,3.5,2.5,2.5,2.5,4.0,4.0,3.5,4.0,4.5,4.0,1.5,3.0,4.5,3.0,2.0,3.0,3.5,4.0,4.0,2.0,3.0,2.0,5.0,3.0,2.0,2.5,0.0,3.5,1.8,3.5,3.0,2.4,2.0,3.0,4.0,2.0,4.3,2.3,3.5,2.0,3.5,2.5,3.5,4.5,4.2,4.5,4.0,5.0,4.0,3.5,4.0,4.0,2.5,2.5,5.0,4.0,2.5,2.5,2.0,2.5,4.5,1.0,2.0,1.0,4.0,2.0,4.0,4.0,5.0,4.5,3.0,4.0,4.0,4.0,4.0,5.0,5.0,2.5,4.0,4.0,5.0,4.5,4.0,4.5,2.0,4.0,1.5,1.0,2.0,4.5,1.0,1.0,4.0,1.0,2.0,4.5,4.5,3.0,3.0,4.4,4.0,2.2,4.5,5.0,4.0,2.5,4.5,2.0,2.0,4.5,3.5,4.5,2.0,2.5,3.5,4.0,2.0,2.0,5.0,3.0,3.0,4.0,5.0,5.0,5.0,5.0,4.0,2.5,1.0,4.0,4.0,3.5,3.5,4.0,4.0,3.5,4.0,4.0,4.5,3.0,5.0,2.8,3.5,4.5,3.0,2.0,2.0,5.0,4.0,2.0
Volume,0.75,0.74,0.6,0.75,0.72,0.81,0.87,0.65,0.67,0.89,0.77,0.68,0.65,0.64,0.68,0.62,,,,0.97,0.68,,,0.41,0.83,0.99,0.72,0.75,,,0.69,0.74,,0.92,,,,,0.58,0.8,0.92,0.81,0.73,0.72,0.92,,0.74,0.65,0.93,,,,0.83,0.65,0.61,0.73,0.86,0.67,0.9,0.72,0.68,0.68,,,0.51,,0.63,,,1.16,,,0.64,0.75,,,0.75,,,,,,0.77,,0.85,0.83,0.74,1.07,0.84,0.66,0.75,0.7,0.81,,,,,,,,0.9,,0.51,0.5,0.92,0.7,,,0.84,,0.77,0.65,0.87,0.66,0.75,,0.65,,0.75,,0.62,0.6,1.17,,0.77,0.68,0.77,0.89,0.86,0.74,0.93,0.95,0.92,0.65,0.75,0.6,0.6,0.69,0.88,0.86,0.83,,0.94,0.87,0.77,1.0,0.8,1.01,1.08,0.7,0.69,0.96,1.54,,,,0.96,0.93,,,0.65,0.7,0.68,0.9,0.91,,,0.85,0.75,0.7,,,,0.64,0.68,,0.82,0.79,,0.4,0.83,,,,,,,,,,,,0.85,,,0.85,,0.95,1.05,0.91,1.01,,,,,,0.72,0.92,0.85,0.99,0.57,0.68,0.47,0.54,,,,0.7,0.78,0.64,0.65,0.95,0.81,,0.71,0.77,,0.65,,,,0.94,0.84,0.65,0.75,0.57,,,0.6,,0.57,0.59,,0.75,0.65,,0.67,,,,0.65,0.64,,0.54,,0.55,,,,0.71,0.77,0.77,0.66,0.73,,0.84,,,,,,,,
Wrap,4.0,5.0,4.0,2.0,2.0,5.0,5.0,4.5,5.0,3.0,3.0,4.5,4.0,5.0,5.0,4.5,5.0,5.0,5.0,4.0,4.0,5.0,4.0,5.0,4.3,3.5,4.0,5.0,4.0,0.5,5.0,4.0,5.0,3.5,4.0,4.0,4.0,4.5,5.0,5.0,4.0,4.0,5.0,4.5,2.0,4.0,2.0,5.0,4.0,2.0,4.5,4.5,5.0,1.5,2.6,4.5,1.2,5.0,5.0,5.0,5.0,5.0,5.0,5.0,5.0,5.0,4.0,3.5,5.0,3.0,5.0,4.5,3.0,4.5,1.0,2.0,1.0,4.5,1.5,5.0,4.5,3.5,4.5,,4.0,5.0,5.0,2.5,4.5,4.0,4.5,5.0,5.0,4.0,4.0,3.0,5.0,4.0,3.5,1.5,4.5,5.0,4.0,3.0,0.5,4.5,4.0,4.5,4.0,5.0,4.5,5.0,5.0,3.0,3.5,3.0,4.5,1.0,3.0,5.0,4.0,3.0,4.0,2.0,4.5,5.0,2.5,3.0,4.0,5.0,3.0,5.0,5.0,4.5,5.0,5.0,5.0,3.0,3.5,5.0,4.5,4.0,4.5,2.0,3.0,4.0,3.0,5.0,4.0,4.2,2.0,2.5,3.5,4.0,4.5,3.0,4.0,3.5,5.0,4.0,2.0,4.5,4.0,4.0,2.5,3.0,3.0,5.0,5.0,4.5,5.0,5.0,5.0,5.0,5.0,5.0,1.5,2.0,4.0,4.5,0.5,1.0,5.0,5.0,5.0,5.0,,4.0,4.5,5.0,5.0,5.0,4.5,4.5,4.0,4.5,1.0,4.0,3.0,1.5,4.0,4.0,5.0,5.0,5.0,4.5,4.5,4.0,3.0,5.0,5.0,5.0,4.0,1.5,5.0,0.5,5.0,3.5,5.0,5.0,5.0,4.5,5.0,5.0,3.8,2.2,4.0,4.5,3.0,4.5,2.0,4.0,5.0,5.0,5.0,5.0,5.0,5.0,5.0,4.0,5.0,5.0,5.0,4.0,3.4,4.0,5.0,5.0,5.0,5.0,5.0,2.5,0.0,3.0,3.0,1.0,4.0,1.0,5.0,1.5,2.0,2.5,5.0,3.0,5.0,1.5,4.0,4.5,1.5,4.5,4.5,4.0,4.5,3.0
Yelp,3.5,,,,4.5,,3.5,,,,,3.5,,,3.5,,,,4.5,,,,,,,,,,4.5,,4.0,,,3.0,,,4.0,,4.2,,4.0,,4.0,,,3.5,4.0,,,4.5,,3.5,4.0,,3.5,,4.0,4.0,4.0,,,4.0,,,,4.0,,,,4.5,3.0,,,4.0,,,3.5,4.0,,,4.0,,4.0,,4.0,,4.0,4.0,,4.0,,4.0,,,4.5,4.5,,,,4.5,,,,,,,4.0,,,,,4.0,,3.0,,,,,,,,,,3.0,,4.5,,,,,,4.0,,,4.0,,4.0,,,,,,,,3.5,,,,,3.5,,,,,,4.5,4.5,,,4.5,4.5,3.5,,4.5,,3.0,,,,4.0,3.5,,,,2.5,,,4.0,4.0,,,,,,4.0,,4.0,,,2.5,,,,,,,4.0,,,,,,,,4.0,,4.0,,,,,3.5,,3.5,,4.0,,4.0,,,4.0,4.5,,,,4.0,,,,4.5,,,4.0,,,,,,,,,3.5,,,,,,,,,,,4.5,,,4.0,,3.0,,,,4.0,,,,,,,,,,,3.5,
overall,3.7,3.2,4.8,3.5,3.5,3.8,3.5,4.0,3.0,2.0,4.0,3.5,3.5,3.5,3.3,2.2,5.0,4.0,4.1,4.0,4.5,4.7,,4.5,4.1,3.5,3.5,4.0,4.2,3.9,3.6,4.0,5.0,2.75,4.0,4.0,4.0,4.9,3.2,3.7,3.5,2.9,3.7,3.0,4.0,3.8,3.6,4.0,4.0,4.5,3.8,4.0,2.6,2.6,3.2,3.75,3.1,4.3,4.0,3.2,2.6,3.1,3.0,2.5,3.9,3.33333,4.0,3.2,5.0,3.1,3.7,4.0,2.0,2.7,2.0,2.0,1.8,4.0,4.0,5.0,2.0,2.5,3.8,3.0,3.3,3.9,3.5,3.7,3.8,2.8,2.5,3.7,4.2,5.0,3.0,2.5,4.0,4.0,3.0,3.8,2.3,3.5,2.7,2.6,3.0,3.7,4.0,3.5,3.3,4.8,4.0,3.0,4.4,3.7,3.7,4.0,2.6,2.0,2.0,3.5,2.0,2.0,2.3,3.9,2.5,3.6,2.8,4.0,4.2,3.9,4.3,4.3,3.6,4.2,3.5,3.1,3.75,2.0,2.5,3.0,3.9,3.5,4.4,2.0,3.0,3.9,4.5,3.25,3.9,3.7,2.0,4.25,3.9,4.5,3.0,3.0,3.0,3.5,4.5,4.3,3.5,2.9,3.0,3.2,3.0,2.6,3.0,2.66,4.2,4.25,3.0,3.75,3.0,3.75,2.2,5.0,4.0,4.2,4.2,3.5,3.8,3.2,4.0,3.3,4.0,3.0,2.0,1.0,3.5,3.0,4.5,4.8,4.2,4.5,3.4,4.0,4.25,4.0,4.5,2.5,5.0,3.0,4.0,3.0,3.6,3.0,2.8,4.0,2.2,4.2,2.7,1.5,3.4,3.2,3.0,2.8,4.8,1.5,1.8,4.0,2.9,3.5,3.2,4.6,4.2,4.2,4.5,3.9,4.6,4.2,4.1,4.1,4.4,3.7,3.7,3.2,2.0,3.0,3.5,2.0,3.9,4.0,4.2,3.0,3.1,3.0,4.0,3.5,4.9,4.2,5.0,2.4,2.5,4.0,3.5,3.5,3.9,3.0,2.0,4.0,4.5,4.2,4.2,5.0,4.1,3.0,4.0,3.25,3.5,3.5,3.0,3.75,4.1,3.5
